time,code,class
0,Noview,3
159.776168,Other,2
203.956811,Noview,3
232.813219,Other,2
1567.127131,Noview,3
1595.533279,Other,2
1733.017682,Ingestion,1
